"Guid","SBQQ__AppliedImmediatelyContext__c","SBQQ__AppliedImmediately__c","SBQQ__Bundled__c","SBQQ__ComponentCodePosition__c","SBQQ__ComponentCode__c","SBQQ__ComponentDescriptionPosition__c","SBQQ__ComponentDescription__c","SBQQ__ConfiguredSKU__c","SBQQ__DefaultPricingTable__c","SBQQ__DiscountAmount__c","SBQQ__DiscountSchedule__c","SBQQ__Discount__c","SBQQ__DiscountedByPackage__c","SBQQ__ExistingQuantity__c","SBQQ__Feature__c","SBQQ__MaxQuantity__c","SBQQ__MinQuantity__c","SBQQ__Number__c","SBQQ__OptionalSKU__c","SBQQ__QuantityEditable__c","SBQQ__Quantity__c","SBQQ__QuoteLineVisibility__c","SBQQ__Required__c","SBQQ__Selected__c","SBQQ__SubscriptionScope__c","SBQQ__System__c","SBQQ__Type__c","SBQQ__UnitPrice__c","SBQQ__UpliftedByPackage__c"
01d6cb74-b2db-46cc-9c22-75be8e5b6b20,"#N/A",false,false,"#N/A","#N/A","#N/A","#N/A",e7197e3a-928b-4450-8a63-5d55aaed01bc,"#N/A","#N/A","#N/A","#N/A",false,"#N/A",58e4a6b9-bbd6-489b-b9f1-55cf4a66c79f,"#N/A","#N/A",120.0,5d0c5edd-cf8c-4e72-9491-67270afcc0f0,true,"#N/A","#N/A",false,false,"#N/A",true,Related Product,"#N/A",false
0588e8ce-4f94-4789-a6f7-3fcaf1d94f02,"#N/A",false,false,"#N/A","#N/A","#N/A","#N/A",e7197e3a-928b-4450-8a63-5d55aaed01bc,"#N/A","#N/A","#N/A","#N/A",false,"#N/A",44fed49f-c0bf-4db9-8a39-152447ca3ddf,"#N/A","#N/A",720.0,d59881fe-8fc2-4918-8c5b-3654c6d4dcbd,false,1.0,"#N/A",false,false,"#N/A",false,Related Product,"#N/A",false
063424fa-e504-44a7-a6d9-3fe15b42d455,"#N/A",false,false,"#N/A","#N/A","#N/A","#N/A",1d86f92a-f7dc-4a3f-bab1-05bb841bc5ff,"#N/A","#N/A","#N/A","#N/A",false,"#N/A",19262f7d-8372-4818-93ad-c35c031b43cf,8.0,1.0,210.0,c85d04ff-f7ad-4ec0-bc40-17e6717f6be6,true,1.0,"#N/A",false,false,"#N/A",false,Component,"#N/A",false
08cc5b9b-e5e1-4acd-bb2e-0b4fa37eba34,"#N/A",false,false,"#N/A","#N/A","#N/A","#N/A",c2dd43e8-0727-45b1-8a66-71caef94eae4,"#N/A","#N/A","#N/A","#N/A",false,"#N/A",67566612-59a9-427d-8180-0105e8b7466a,"#N/A",2.0,210.0,399ac0e7-4ef9-4a67-99e5-0f642cc14242,true,8.0,"#N/A",false,true,"#N/A",false,Related Product,"#N/A",false
0a9a568f-e338-4b06-b707-e303de125596,"#N/A",false,false,"#N/A","#N/A","#N/A","#N/A",e7197e3a-928b-4450-8a63-5d55aaed01bc,"#N/A","#N/A","#N/A","#N/A",false,"#N/A",2bc8a94f-d99b-4e72-b683-d530a70d731f,"#N/A","#N/A",590.0,5cc15ea1-f052-4d84-8de4-34b7cb7c699f,false,1.0,"#N/A",false,false,"#N/A",false,Related Product,"#N/A",false
0c3bd336-fbdd-4f45-9431-0eb6766db7f1,"#N/A",false,false,"#N/A","#N/A","#N/A","#N/A",ed940e96-1a76-4b23-9a57-efd78f193e26,"#N/A","#N/A","#N/A","#N/A",false,"#N/A",92b5547b-dfaf-4db1-adac-69eeb6dc0406,"#N/A","#N/A",30.0,11ca7378-2abe-43ce-91f6-219517693f92,false,1.0,"#N/A",false,false,"#N/A",false,Related Product,"#N/A",false
0e05a195-ddf7-4c49-8733-0c48d9cc7b0a,"#N/A",false,false,"#N/A","#N/A","#N/A","#N/A",ed940e96-1a76-4b23-9a57-efd78f193e26,"#N/A","#N/A","#N/A","#N/A",false,"#N/A",c1f1f371-98db-4b35-9933-a9adaf5723d2,"#N/A",200.0,200.0,d8cb94ee-255b-4dc3-9e5b-1f8ca96a4188,true,200.0,"#N/A",false,false,"#N/A",false,Related Product,"#N/A",false
1067a060-3b18-4c33-be32-3adc9cf9d86d,"#N/A",false,false,"#N/A","#N/A","#N/A","#N/A",6a0c1ce1-370f-4983-a7d7-af0f248dd5ad,"#N/A","#N/A","#N/A","#N/A",false,"#N/A",175c0c38-cbec-461d-a5fd-a448a71b9e57,"#N/A","#N/A",1010.0,9b704240-1e2c-4dca-ae74-35ec4780f5a0,false,1.0,Always,false,false,"#N/A",false,Accessory,"#N/A",false
117256bf-61c2-43b6-a5ca-14cc6fc17357,On Selection,true,false,"#N/A","#N/A","#N/A","#N/A",6a0c1ce1-370f-4983-a7d7-af0f248dd5ad,"#N/A","#N/A","#N/A","#N/A",false,"#N/A",f196ffa8-5c77-4ce5-9cdd-b4c71fb064c5,"#N/A","#N/A",380.0,ae230964-92b5-4675-86b7-ca5741fb5b89,true,1.0,Always,false,false,"#N/A",false,Component,"#N/A",false
12ca7477-7ccd-47ec-bf45-c24c6040f2a2,"#N/A",false,false,"#N/A","#N/A","#N/A","#N/A",e7197e3a-928b-4450-8a63-5d55aaed01bc,"#N/A","#N/A","#N/A","#N/A",false,"#N/A",7f18f239-317e-46b4-9919-b358083dbe2a,"#N/A",200.0,200.0,d8cb94ee-255b-4dc3-9e5b-1f8ca96a4188,true,200.0,"#N/A",false,false,"#N/A",false,Related Product,"#N/A",false
13898ee7-8efe-49bc-9ea4-a57ef3a742c7,"#N/A",false,false,"#N/A","#N/A","#N/A","#N/A",1d86f92a-f7dc-4a3f-bab1-05bb841bc5ff,"#N/A","#N/A","#N/A","#N/A",false,"#N/A",9179798d-a875-4dad-a371-fdc6604de68a,1.0,0.0,310.0,d069f663-0cbb-4068-847a-1dc9a95e19e1,false,1.0,"#N/A",false,false,"#N/A",false,Component,"#N/A",false
15666e30-c95d-4a85-a30b-216e57207348,"#N/A",false,false,"#N/A","#N/A","#N/A","#N/A",6a0c1ce1-370f-4983-a7d7-af0f248dd5ad,"#N/A","#N/A","#N/A","#N/A",false,"#N/A",322c13ca-9c2e-42df-a73b-b9eff9050f6f,"#N/A","#N/A",440.0,b2c70e87-7f1a-4b3b-aa05-b3ec065968ac,false,1.0,Always,false,false,"#N/A",false,Component,"#N/A",false
1584ffc0-21d3-4de2-b07e-c21b1d06f036,Always,true,false,"#N/A","#N/A","#N/A","#N/A",6a0c1ce1-370f-4983-a7d7-af0f248dd5ad,"#N/A","#N/A","#N/A","#N/A",false,"#N/A",144d0bac-5c84-47de-9c3c-8728c7661787,"#N/A","#N/A",240.0,e9971242-d5a3-4f0a-a84d-5b2c8b5c630e,true,1.0,Always,false,false,"#N/A",false,Component,"#N/A",false
190b5bf8-cbb5-436e-ab3f-4148840a2d77,"#N/A",false,false,"#N/A","#N/A","#N/A","#N/A",1d86f92a-f7dc-4a3f-bab1-05bb841bc5ff,"#N/A","#N/A","#N/A","#N/A",false,"#N/A",7e7b19b1-261e-4167-a8cf-0951a0d9467e,1.0,1.0,140.0,246683e2-d60f-4173-b804-99f8e3efc48c,false,1.0,"#N/A",false,false,"#N/A",false,Component,"#N/A",false
1946d61f-f4ed-4c6c-a6d3-8900da65dd26,On Selection,true,false,"#N/A","#N/A","#N/A","#N/A",6a0c1ce1-370f-4983-a7d7-af0f248dd5ad,"#N/A","#N/A","#N/A","#N/A",false,"#N/A",f196ffa8-5c77-4ce5-9cdd-b4c71fb064c5,"#N/A","#N/A",310.0,2e14808e-2cf0-4adf-aa6f-58711a3ebded,true,1.0,Always,false,false,"#N/A",false,Component,"#N/A",false
19484b18-d58d-4655-898f-867b91179b65,"#N/A",false,false,"#N/A","#N/A","#N/A","#N/A",1d86f92a-f7dc-4a3f-bab1-05bb841bc5ff,"#N/A","#N/A","#N/A","#N/A",false,"#N/A",9179798d-a875-4dad-a371-fdc6604de68a,1.0,0.0,330.0,d9143615-4455-408e-b65f-e8ab94db1ee3,false,1.0,"#N/A",false,false,"#N/A",false,Component,"#N/A",false
1a060ebd-ea9d-4743-add5-26fad6aea599,"#N/A",false,false,"#N/A","#N/A","#N/A","#N/A",ed940e96-1a76-4b23-9a57-efd78f193e26,"#N/A","#N/A","#N/A","#N/A",false,"#N/A",97ce1245-e801-4bf3-b127-b69b726d0a8c,"#N/A","#N/A",520.0,d590b4f8-a1c1-4324-9fd8-4c67b2445901,true,1.0,"#N/A",false,false,"#N/A",false,Related Product,"#N/A",false
1a09d4c6-cc4f-4342-8205-eea2a1d03b12,"#N/A",false,false,"#N/A","#N/A","#N/A","#N/A",6a0c1ce1-370f-4983-a7d7-af0f248dd5ad,"#N/A","#N/A","#N/A","#N/A",false,"#N/A",8221fc37-2c78-476e-a128-57e6dcef0f57,"#N/A","#N/A",120.0,5f06b322-8fac-408b-ad8e-7fa6841c0f2d,true,1.0,Always,false,false,"#N/A",false,Component,"#N/A",false
1c5cf2e9-67b4-4e12-b047-4fcccf794940,Always,true,false,"#N/A","#N/A","#N/A","#N/A",6a0c1ce1-370f-4983-a7d7-af0f248dd5ad,"#N/A","#N/A","#N/A","#N/A",false,"#N/A",0ef46f6e-956c-49ef-97a5-3d696992bede,"#N/A","#N/A",820.0,c90b1801-15a8-4f07-9ba7-dcd8f7d57c6b,false,1.0,"#N/A",false,false,"#N/A",false,Component,"#N/A",false
1f5e4270-7ac6-462c-80f6-87733eb634ab,"#N/A",false,false,"#N/A","#N/A","#N/A","#N/A",ed940e96-1a76-4b23-9a57-efd78f193e26,"#N/A","#N/A","#N/A","#N/A",false,"#N/A",e68d2649-0e8b-49b6-90c4-532c8d2b1677,"#N/A","#N/A",130.0,6914d8f3-2ecb-40ec-a907-88ba10f0840e,true,"#N/A","#N/A",false,false,"#N/A",true,Related Product,"#N/A",false
1fd24e18-7b3c-41b4-b59b-49456fb7a88e,On Selection,true,false,"#N/A","#N/A","#N/A","#N/A",6a0c1ce1-370f-4983-a7d7-af0f248dd5ad,"#N/A","#N/A","#N/A","#N/A",false,"#N/A",f196ffa8-5c77-4ce5-9cdd-b4c71fb064c5,"#N/A","#N/A",370.0,a2eea809-cf9b-48e6-a0ec-12d65674ac75,true,1.0,Always,false,false,"#N/A",false,Component,"#N/A",false
216399d0-df32-4d50-9264-18be69d07cdd,"#N/A",false,false,"#N/A","#N/A","#N/A","#N/A",6a0c1ce1-370f-4983-a7d7-af0f248dd5ad,"#N/A","#N/A","#N/A","#N/A",false,"#N/A",322c13ca-9c2e-42df-a73b-b9eff9050f6f,"#N/A","#N/A",450.0,71c68e75-cdf2-499e-baac-a626c55159c3,false,1.0,Always,false,false,"#N/A",false,Component,"#N/A",false
23b0ad58-3852-4cf4-aa2b-22afb29402b2,"#N/A",false,false,"#N/A","#N/A","#N/A","#N/A",c2dd43e8-0727-45b1-8a66-71caef94eae4,"#N/A","#N/A","#N/A","#N/A",false,"#N/A",37029095-097b-4f63-88aa-787a611bdac4,"#N/A",1.0,330.0,529018e6-e364-460e-8e06-b6f24efe7983,true,8.0,"#N/A",false,false,"#N/A",false,Related Product,"#N/A",false
248b8b72-d605-400f-bbe3-0c394cd5238c,"#N/A",false,false,"#N/A","#N/A","#N/A","#N/A",1d86f92a-f7dc-4a3f-bab1-05bb841bc5ff,"#N/A","#N/A","#N/A","#N/A",false,"#N/A",7e7b19b1-261e-4167-a8cf-0951a0d9467e,1.0,1.0,130.0,97e917dd-bed2-4b86-b3e0-7688a5f42bf8,false,1.0,"#N/A",false,false,"#N/A",false,Component,"#N/A",false
27bb829d-2477-434b-b889-429b4a536c22,"#N/A",false,false,"#N/A","#N/A","#N/A","#N/A",6a0c1ce1-370f-4983-a7d7-af0f248dd5ad,"#N/A","#N/A","#N/A","#N/A",false,"#N/A",0ef46f6e-956c-49ef-97a5-3d696992bede,1.0,0.0,810.0,b2922fd8-f2ab-44f0-9981-80a7190ccafc,false,1.0,"#N/A",false,true,"#N/A",false,Component,"#N/A",false
28c0a3fd-9470-4605-bb70-b8a49707cf3e,"#N/A",false,false,"#N/A","#N/A","#N/A","#N/A",ed940e96-1a76-4b23-9a57-efd78f193e26,"#N/A","#N/A","#N/A","#N/A",false,"#N/A",189a64a3-f27f-44b8-8b20-46e1369efa19,"#N/A","#N/A",710.0,a3ea0022-6cb1-4035-a949-1afa26d30cdd,false,1.0,"#N/A",false,false,"#N/A",false,Related Product,"#N/A",false
2b136213-e978-4c06-98ba-e33819ab1fd7,"#N/A",false,false,"#N/A","#N/A","#N/A","#N/A",6a0c1ce1-370f-4983-a7d7-af0f248dd5ad,"#N/A","#N/A","#N/A","#N/A",false,"#N/A",fc1c9c4e-9654-4e46-9b60-bf45c644ec25,"#N/A","#N/A",620.0,62d8898f-9286-4b97-930d-ba90adb8f2fa,true,1.0,Always,false,false,"#N/A",false,Component,"#N/A",false
2c5744fd-31db-49cb-9dda-1a2c15cacdc7,"#N/A",false,false,"#N/A","#N/A","#N/A","#N/A",6a0c1ce1-370f-4983-a7d7-af0f248dd5ad,"#N/A","#N/A","#N/A","#N/A",false,"#N/A",4890ac9b-be2b-4460-b7a5-70b1066a69a3,"#N/A","#N/A",1220.0,5fbdb93a-bb7f-41cb-9cfa-0d9bf2acead3,false,1.0,Always,false,false,"#N/A",false,Accessory,"#N/A",false
2cc78abe-1a33-4f32-aeae-3f8a656c519f,"#N/A",false,false,"#N/A","#N/A","#N/A","#N/A",ed940e96-1a76-4b23-9a57-efd78f193e26,"#N/A","#N/A","#N/A","#N/A",false,"#N/A",97ce1245-e801-4bf3-b127-b69b726d0a8c,"#N/A","#N/A",560.0,037b04ae-6bf7-40ee-b4e2-b377aaf4cdae,true,1.0,"#N/A",false,false,"#N/A",false,Related Product,"#N/A",false
2d2568ca-f1bd-41bf-8364-3bca9e40e8ad,"#N/A",false,false,"#N/A","#N/A","#N/A","#N/A",6a0c1ce1-370f-4983-a7d7-af0f248dd5ad,"#N/A","#N/A","#N/A","#N/A",false,"#N/A",fc1c9c4e-9654-4e46-9b60-bf45c644ec25,"#N/A","#N/A",630.0,dfe4cda0-8022-40c4-9d1b-be340598fb09,true,1.0,Always,false,false,"#N/A",false,Component,"#N/A",false
2e99f4b1-06a6-4e0f-8355-f1583484e177,"#N/A",false,false,"#N/A","#N/A","#N/A","#N/A",e7197e3a-928b-4450-8a63-5d55aaed01bc,"#N/A","#N/A","#N/A","#N/A",false,"#N/A",2bc8a94f-d99b-4e72-b683-d530a70d731f,"#N/A","#N/A",550.0,817d0f75-2d63-4f62-a6dd-440bd4540757,true,1.0,"#N/A",false,false,"#N/A",false,Related Product,"#N/A",false
2f60d9bc-042a-4b64-859b-a599e5b62245,"#N/A",false,false,"#N/A","#N/A","#N/A","#N/A",e7197e3a-928b-4450-8a63-5d55aaed01bc,"#N/A","#N/A","#N/A","#N/A",false,"#N/A",58e4a6b9-bbd6-489b-b9f1-55cf4a66c79f,"#N/A","#N/A",110.0,14061531-49fd-4cbe-988d-e90c65a03cd6,true,"#N/A","#N/A",false,false,"#N/A",true,Related Product,"#N/A",false
2f859ad4-fdcd-4210-aeae-62b99fa0a78b,On Selection,true,false,"#N/A","#N/A","#N/A","#N/A",ccbc10cf-6336-40c4-ba6d-919678fef125,"#N/A","#N/A","#N/A","#N/A",false,"#N/A",e32c5cb1-7981-4122-bcb1-d077af8fa0ba,"#N/A","#N/A",130.0,b8126bab-1568-4eb8-84d3-fc2ec8f6789c,true,1.0,"#N/A",false,false,"#N/A",false,Related Product,"#N/A",false
2fe8530f-8893-475d-ad06-dfd6841ba034,"#N/A",false,false,"#N/A","#N/A","#N/A","#N/A",ed940e96-1a76-4b23-9a57-efd78f193e26,"#N/A","#N/A","#N/A","#N/A",false,"#N/A",e68d2649-0e8b-49b6-90c4-532c8d2b1677,"#N/A","#N/A",120.0,5d0c5edd-cf8c-4e72-9491-67270afcc0f0,true,"#N/A","#N/A",false,false,"#N/A",true,Related Product,"#N/A",false
30ae06b8-05c2-44fc-bddb-0e8bb17a8637,On Selection,true,false,"#N/A","#N/A","#N/A","#N/A",6a0c1ce1-370f-4983-a7d7-af0f248dd5ad,"#N/A","#N/A","#N/A","#N/A",false,"#N/A",f196ffa8-5c77-4ce5-9cdd-b4c71fb064c5,"#N/A","#N/A",360.0,d77deebb-445c-43f5-864d-a3a965603779,true,1.0,Always,false,false,"#N/A",false,Component,"#N/A",false
357cee74-c089-4bca-aa4d-c9a9856e93f4,"#N/A",false,false,"#N/A","#N/A","#N/A","#N/A",6a0c1ce1-370f-4983-a7d7-af0f248dd5ad,"#N/A","#N/A","#N/A","#N/A",false,"#N/A",f255be6f-fb0b-4968-9c88-220a01d3308e,1.0,0.0,910.0,b5da7a1b-c9b3-4930-8751-c84b3dbbeb44,false,1.0,"#N/A",false,true,"#N/A",false,Related Product,"#N/A",false
37157dde-af17-48a6-9451-355512692814,"#N/A",false,false,"#N/A","#N/A","#N/A","#N/A",e7197e3a-928b-4450-8a63-5d55aaed01bc,"#N/A","#N/A","#N/A","#N/A",false,"#N/A",d6bf2dac-760c-43ab-95e7-00d80c030dbb,"#N/A","#N/A",40.0,b85fa894-0c23-4f3a-b613-62dd3ce9ab1e,false,1.0,"#N/A",false,false,"#N/A",false,Related Product,"#N/A",false
383aae49-5c02-4573-993a-0cadcd47ff96,"#N/A",false,false,"#N/A","#N/A","#N/A","#N/A",ccbc10cf-6336-40c4-ba6d-919678fef125,"#N/A","#N/A","#N/A","#N/A",false,"#N/A",c0c5227f-83f1-4933-b30d-543250c0cef8,"#N/A","#N/A",210.0,7ffb0758-e252-4c9f-a34d-00c2a1688c77,false,1.0,"#N/A",false,false,"#N/A",false,Component,"#N/A",false
396a2e77-78c4-4c4a-a206-4794af1dcf18,"#N/A",false,false,"#N/A","#N/A","#N/A","#N/A",ed940e96-1a76-4b23-9a57-efd78f193e26,"#N/A","#N/A","#N/A","#N/A",false,"#N/A",e68d2649-0e8b-49b6-90c4-532c8d2b1677,"#N/A","#N/A",110.0,14061531-49fd-4cbe-988d-e90c65a03cd6,true,"#N/A","#N/A",false,false,"#N/A",true,Related Product,"#N/A",false
39d809b9-3097-48a7-b985-3ec1cfe5c0c0,"#N/A",false,false,"#N/A","#N/A","#N/A","#N/A",e7197e3a-928b-4450-8a63-5d55aaed01bc,"#N/A","#N/A","#N/A","#N/A",false,"#N/A",466b5bc1-aa90-49c5-8803-9675f165bbb4,"#N/A",10.0,610.0,08941121-fd0f-486f-8166-c3dc98ba11b5,true,10.0,"#N/A",false,false,"#N/A",false,Related Product,"#N/A",false
3a4e568c-58f8-43d2-a6f4-01db3a318dac,"#N/A",false,false,"#N/A","#N/A","#N/A","#N/A",e7197e3a-928b-4450-8a63-5d55aaed01bc,"#N/A","#N/A","#N/A","#N/A",false,"#N/A",d6bf2dac-760c-43ab-95e7-00d80c030dbb,"#N/A","#N/A",10.0,f6e59778-267f-44a4-8c5f-3611d4306590,false,1.0,"#N/A",false,true,"#N/A",false,Related Product,"#N/A",false
3b26cd80-7ee6-46ba-9181-9c96674c4fb5,"#N/A",false,false,"#N/A","#N/A","#N/A","#N/A",e7197e3a-928b-4450-8a63-5d55aaed01bc,"#N/A","#N/A","#N/A","#N/A",false,"#N/A",58e4a6b9-bbd6-489b-b9f1-55cf4a66c79f,"#N/A","#N/A",130.0,6914d8f3-2ecb-40ec-a907-88ba10f0840e,true,"#N/A","#N/A",false,false,"#N/A",true,Related Product,"#N/A",false
3bb9c11b-ef70-47f6-9d16-daca089d4f09,"#N/A",false,false,"#N/A","#N/A","#N/A","#N/A",e7197e3a-928b-4450-8a63-5d55aaed01bc,"#N/A","#N/A","#N/A","#N/A",false,"#N/A",7f18f239-317e-46b4-9919-b358083dbe2a,"#N/A","#N/A",250.0,3158cecb-6c35-4be0-ab3e-35729c103260,true,1.0,"#N/A",false,false,"#N/A",false,Related Product,"#N/A",false
43ed623e-6a4e-4f2d-9064-4a17f6b2b26d,"#N/A",false,false,"#N/A","#N/A","#N/A","#N/A",1d86f92a-f7dc-4a3f-bab1-05bb841bc5ff,"#N/A","#N/A","#N/A","#N/A",false,"#N/A",9393fd5c-06d8-45e8-aa1e-4e6efe9ef213,1.0,0.0,420.0,9f62c86c-514c-40ef-9570-0bba0e33bdaa,false,1.0,"#N/A",false,true,"#N/A",false,Component,"#N/A",false
451c490f-f3ad-410e-9881-dd4f81c6ed5d,"#N/A",false,false,"#N/A","#N/A","#N/A","#N/A",6a0c1ce1-370f-4983-a7d7-af0f248dd5ad,"#N/A","#N/A","#N/A","#N/A",false,"#N/A",0ef46f6e-956c-49ef-97a5-3d696992bede,"#N/A","#N/A",850.0,7d161a9f-d264-4029-b048-343fd39e2bbe,false,1.0,"#N/A",false,false,"#N/A",false,Component,"#N/A",false
49b3afc9-8df5-435d-9192-65449c7ece89,"#N/A",false,false,"#N/A","#N/A","#N/A","#N/A",31bd61c2-b577-4e8a-ac5c-1533da8b38c5,"#N/A","#N/A","#N/A","#N/A",false,"#N/A",006eda4d-1f1c-45f2-b3a3-de423e5d0e4e,"#N/A","#N/A",320.0,b1748f34-0eab-4c42-b8b2-4339027107a4,false,1.0,"#N/A",false,false,"#N/A",false,Component,"#N/A",false
49db938f-1bdb-49d7-abf7-9f8be0bc5226,"#N/A",false,false,"#N/A","#N/A","#N/A","#N/A",c2dd43e8-0727-45b1-8a66-71caef94eae4,"#N/A","#N/A","#N/A","#N/A",false,"#N/A",37029095-097b-4f63-88aa-787a611bdac4,"#N/A",2.0,340.0,e44d3bee-70a0-45ea-9e30-ea00d131896c,true,8.0,"#N/A",false,false,"#N/A",false,Related Product,"#N/A",false
4a401a8a-0fa1-410b-8f9e-1083f068712a,On Selection,true,false,"#N/A","#N/A","#N/A","#N/A",6a0c1ce1-370f-4983-a7d7-af0f248dd5ad,"#N/A","#N/A","#N/A","#N/A",false,"#N/A",f196ffa8-5c77-4ce5-9cdd-b4c71fb064c5,"#N/A","#N/A",340.0,c196df96-6816-472c-a105-52e067d8cf48,true,1.0,Always,false,false,"#N/A",false,Component,"#N/A",false
4b989f96-7239-4823-87b9-81600c2b40cb,"#N/A",false,false,"#N/A","#N/A","#N/A","#N/A",6a0c1ce1-370f-4983-a7d7-af0f248dd5ad,"#N/A","#N/A","#N/A","#N/A",false,"#N/A",322c13ca-9c2e-42df-a73b-b9eff9050f6f,"#N/A","#N/A",430.0,dbe18445-7b48-4ea9-a02c-dc38fc280fc0,false,1.0,Always,false,true,"#N/A",false,Component,"#N/A",false
4b9fe3c8-537f-495e-ae8e-e49ec0a7668a,"#N/A",false,false,"#N/A","#N/A","#N/A","#N/A",ed940e96-1a76-4b23-9a57-efd78f193e26,"#N/A","#N/A","#N/A","#N/A",false,"#N/A",92b5547b-dfaf-4db1-adac-69eeb6dc0406,"#N/A","#N/A",40.0,b85fa894-0c23-4f3a-b613-62dd3ce9ab1e,false,1.0,"#N/A",false,false,"#N/A",false,Related Product,"#N/A",false
4c34e8f6-c054-4b7d-b8c1-494072c023b6,"#N/A",false,false,"#N/A","#N/A","#N/A","#N/A",6a0c1ce1-370f-4983-a7d7-af0f248dd5ad,"#N/A","#N/A","#N/A","#N/A",false,"#N/A",4890ac9b-be2b-4460-b7a5-70b1066a69a3,"#N/A","#N/A",1210.0,ad877b74-a08c-4bb4-b79a-ea35b23058fe,false,1.0,Always,false,true,"#N/A",false,Accessory,"#N/A",false
5008df0a-c4a4-4a8e-ba84-3a62491f6c0a,"#N/A",false,false,"#N/A","#N/A","#N/A","#N/A",6a0c1ce1-370f-4983-a7d7-af0f248dd5ad,"#N/A","#N/A","#N/A","#N/A",false,"#N/A",1d8c5911-fbf7-4dac-b867-37860c4f2e1b,"#N/A","#N/A",720.0,6ea2b283-3c7a-456c-a6ad-addcc9f20e13,true,1.0,Always,false,false,"#N/A",false,Component,"#N/A",false
54914b91-6b4c-434d-9966-90f9e064c341,"#N/A",false,false,"#N/A","#N/A","#N/A","#N/A",9d2008f6-90ec-4586-8ddd-926e12387d4a,"#N/A","#N/A","#N/A","#N/A",false,"#N/A",29bd2bca-54ee-4d01-ae00-99ad7a5fcc6c,"#N/A","#N/A",1.0,f2c2c719-eada-46cb-9598-5c8baac0f7a1,true,20.0,"#N/A",false,true,"#N/A",false,Related Product,"#N/A",false
549b0967-2f0b-492e-9346-893b80f2de10,On Selection,true,false,"#N/A","#N/A","#N/A","#N/A",6a0c1ce1-370f-4983-a7d7-af0f248dd5ad,"#N/A","#N/A","#N/A","#N/A",false,"#N/A",f196ffa8-5c77-4ce5-9cdd-b4c71fb064c5,"#N/A","#N/A",330.0,269016fe-40c1-44a1-9e8e-38b1be375ee4,true,1.0,Always,false,false,"#N/A",false,Component,"#N/A",false
556406e8-07bd-44cd-b8aa-82996dc0647d,"#N/A",false,false,"#N/A","#N/A","#N/A","#N/A",e7197e3a-928b-4450-8a63-5d55aaed01bc,"#N/A","#N/A","#N/A","#N/A",false,"#N/A",466b5bc1-aa90-49c5-8803-9675f165bbb4,"#N/A","#N/A",600.0,684977cf-6a98-40d5-b598-c7d751a4ad15,false,1.0,"#N/A",false,true,"#N/A",false,Related Product,"#N/A",false
561e77b5-9cd5-4cb0-91e7-7bb24f3de6c5,"#N/A",false,false,"#N/A","#N/A","#N/A","#N/A",1d86f92a-f7dc-4a3f-bab1-05bb841bc5ff,"#N/A","#N/A","#N/A","#N/A",false,"#N/A",19262f7d-8372-4818-93ad-c35c031b43cf,8.0,1.0,230.0,b2da8285-0ce6-43fc-80ea-bada4f8477b1,true,1.0,"#N/A",false,false,"#N/A",false,Component,"#N/A",false
570bd4b1-f4da-42ef-9e77-44ec2664ff1d,"#N/A",false,false,"#N/A","#N/A","#N/A","#N/A",e7197e3a-928b-4450-8a63-5d55aaed01bc,"#N/A","#N/A","#N/A","#N/A",false,"#N/A",2bc8a94f-d99b-4e72-b683-d530a70d731f,"#N/A","#N/A",520.0,d590b4f8-a1c1-4324-9fd8-4c67b2445901,true,1.0,"#N/A",false,false,"#N/A",false,Related Product,"#N/A",false
5d95e861-8980-4ff8-8331-9ddb88c04510,"#N/A",false,false,"#N/A","#N/A","#N/A","#N/A",ed940e96-1a76-4b23-9a57-efd78f193e26,"#N/A","#N/A","#N/A","#N/A",false,"#N/A",6d6ef758-863d-433d-8ae8-9632ffa655e2,"#N/A","#N/A",620.0,9d2008f6-90ec-4586-8ddd-926e12387d4a,false,1.0,"#N/A",false,false,"#N/A",false,Related Product,"#N/A",false
5ee4a895-4956-4afb-ba14-b51217398f0a,"#N/A",false,false,"#N/A","#N/A","#N/A","#N/A",9d2008f6-90ec-4586-8ddd-926e12387d4a,"#N/A","#N/A","#N/A","#N/A",false,"#N/A",29bd2bca-54ee-4d01-ae00-99ad7a5fcc6c,"#N/A","#N/A",4.0,6de07e4a-014f-4c28-bc48-19869b5e1c5c,true,8.0,"#N/A",false,false,"#N/A",false,Related Product,"#N/A",false
616e2afc-699c-45fd-b993-10d1e17f36c9,"#N/A",false,false,"#N/A","#N/A","#N/A","#N/A",c2dd43e8-0727-45b1-8a66-71caef94eae4,"#N/A","#N/A","#N/A","#N/A",false,"#N/A",37029095-097b-4f63-88aa-787a611bdac4,"#N/A",2.0,350.0,ccabda91-ebe9-4f31-b4c4-0a9067ac6cfd,true,8.0,"#N/A",false,false,"#N/A",false,Related Product,"#N/A",false
649742f0-8ffd-4404-8547-e9a4134a7d3c,"#N/A",false,false,"#N/A","#N/A","#N/A","#N/A",9d2008f6-90ec-4586-8ddd-926e12387d4a,"#N/A","#N/A","#N/A","#N/A",false,"#N/A",f2a54109-6b08-464b-a247-d966cfb30b16,"#N/A","#N/A",100.0,6b7122c2-c3b8-42ce-9c75-070578c6970a,true,4.0,"#N/A",false,true,"#N/A",false,Component,"#N/A",false
652bd192-514a-4576-8beb-a0be595facd7,"#N/A",false,false,"#N/A","#N/A","#N/A","#N/A",6a0c1ce1-370f-4983-a7d7-af0f248dd5ad,"#N/A","#N/A","#N/A","#N/A",false,"#N/A",8221fc37-2c78-476e-a128-57e6dcef0f57,"#N/A","#N/A",110.0,21eda709-ec1e-4ab5-8e15-6499abde3f31,true,1.0,Always,false,true,"#N/A",false,Component,"#N/A",false
6910e023-e4ba-4ff6-8540-5f677ed9b3a2,"#N/A",false,false,"#N/A","#N/A","#N/A","#N/A",31bd61c2-b577-4e8a-ac5c-1533da8b38c5,"#N/A","#N/A","#N/A","#N/A",false,"#N/A",006eda4d-1f1c-45f2-b3a3-de423e5d0e4e,"#N/A","#N/A",310.0,56fd0606-17f8-431c-abcd-b52b65601c2e,false,1.0,"#N/A",false,false,"#N/A",false,Component,"#N/A",false
6a505dae-a516-442b-a073-79c4d711e9da,"#N/A",false,false,"#N/A","#N/A","#N/A","#N/A",6a0c1ce1-370f-4983-a7d7-af0f248dd5ad,"#N/A","#N/A","#N/A","#N/A",false,"#N/A",f255be6f-fb0b-4968-9c88-220a01d3308e,1.0,0.0,930.0,3aa24afd-52f4-4359-ac9e-7e0cf96a8add,false,1.0,"#N/A",false,false,"#N/A",false,Component,"#N/A",false
6dfafd85-66d4-44aa-aa05-9760b8a13687,"#N/A",false,false,"#N/A","#N/A","#N/A","#N/A",ed940e96-1a76-4b23-9a57-efd78f193e26,"#N/A","#N/A","#N/A","#N/A",false,"#N/A",c1f1f371-98db-4b35-9933-a9adaf5723d2,"#N/A","#N/A",250.0,3158cecb-6c35-4be0-ab3e-35729c103260,true,1.0,"#N/A",false,false,"#N/A",false,Related Product,"#N/A",false
6f28f9a1-5a09-4a85-a285-51a3d77913d6,"#N/A",false,false,"#N/A","#N/A","#N/A","#N/A",6a0c1ce1-370f-4983-a7d7-af0f248dd5ad,"#N/A","#N/A","#N/A","#N/A",false,"#N/A",1d8c5911-fbf7-4dac-b867-37860c4f2e1b,"#N/A","#N/A",710.0,8a3605ed-e586-400b-b5b7-95080a8389c7,true,1.0,Always,false,false,"#N/A",false,Component,"#N/A",false
6fc6a94f-d0cc-4a08-b467-2b23d64ac1f6,Always,true,false,"#N/A","#N/A","#N/A","#N/A",6a0c1ce1-370f-4983-a7d7-af0f248dd5ad,"#N/A","#N/A","#N/A","#N/A",false,"#N/A",144d0bac-5c84-47de-9c3c-8728c7661787,"#N/A","#N/A",220.0,1d86f92a-f7dc-4a3f-bab1-05bb841bc5ff,true,1.0,Always,false,false,"#N/A",false,Component,"#N/A",false
70d11e67-3a1a-46cf-b69b-fe6332d7c0a9,"#N/A",false,false,"#N/A","#N/A","#N/A","#N/A",ed940e96-1a76-4b23-9a57-efd78f193e26,"#N/A","#N/A","#N/A","#N/A",false,"#N/A",97ce1245-e801-4bf3-b127-b69b726d0a8c,"#N/A","#N/A",530.0,9c28df09-deeb-4cf5-96b0-a724febb284e,true,1.0,"#N/A",false,false,"#N/A",false,Related Product,"#N/A",false
71717059-f9a0-4fd2-8724-e8ca31e23ab8,"#N/A",false,false,"#N/A","#N/A","#N/A","#N/A",e7197e3a-928b-4450-8a63-5d55aaed01bc,"#N/A","#N/A","#N/A","#N/A",false,"#N/A",b3528c3b-dfd4-422c-8747-4748bcf7d4a5,"#N/A","#N/A",300.0,31bd61c2-b577-4e8a-ac5c-1533da8b38c5,false,1.0,"#N/A",false,false,"#N/A",false,Related Product,"#N/A",false
73187ee5-ceb4-461a-a86f-44895d5469b5,"#N/A",false,false,"#N/A","#N/A","#N/A","#N/A",ed940e96-1a76-4b23-9a57-efd78f193e26,"#N/A","#N/A","#N/A","#N/A",false,"#N/A",97ce1245-e801-4bf3-b127-b69b726d0a8c,"#N/A","#N/A",500.0,09150d6f-52ac-4e7a-b3cd-9c565f6e1340,true,1.0,"#N/A",false,false,"#N/A",false,Related Product,"#N/A",false
7670c881-cd5f-4bf5-83f9-0c4b908fcecf,On Selection,true,false,"#N/A","#N/A","#N/A","#N/A",6a0c1ce1-370f-4983-a7d7-af0f248dd5ad,"#N/A","#N/A","#N/A","#N/A",false,"#N/A",f196ffa8-5c77-4ce5-9cdd-b4c71fb064c5,"#N/A","#N/A",320.0,5065570a-e7fc-4213-b800-3c86fbef8e17,true,1.0,Always,false,false,"#N/A",false,Component,"#N/A",false
78903dc6-6add-4881-8b45-5d754ed8da26,Always,true,false,"#N/A","#N/A","#N/A","#N/A",6a0c1ce1-370f-4983-a7d7-af0f248dd5ad,"#N/A","#N/A","#N/A","#N/A",false,"#N/A",0ef46f6e-956c-49ef-97a5-3d696992bede,"#N/A","#N/A",840.0,3c209b9c-4e2a-43a9-ae10-5ae34d502f36,false,1.0,"#N/A",false,false,"#N/A",false,Component,"#N/A",false
7b11b298-d457-4a97-921b-60d2de5a036a,"#N/A",false,false,"#N/A","#N/A","#N/A","#N/A",ccbc10cf-6336-40c4-ba6d-919678fef125,"#N/A","#N/A","#N/A","#N/A",false,"#N/A",c0c5227f-83f1-4933-b30d-543250c0cef8,"#N/A","#N/A",240.0,fd078cb6-ee58-47af-af03-842d6824d858,false,1.0,"#N/A",false,false,"#N/A",false,Component,"#N/A",false
7b228a5c-9675-42eb-87b6-01516bf1ac91,"#N/A",false,false,"#N/A","#N/A","#N/A","#N/A",6a0c1ce1-370f-4983-a7d7-af0f248dd5ad,"#N/A","#N/A","#N/A","#N/A",false,"#N/A",f255be6f-fb0b-4968-9c88-220a01d3308e,1.0,0.0,920.0,a7699297-b15a-4e94-893e-ce3165fc6d95,false,1.0,"#N/A",false,false,"#N/A",false,Component,"#N/A",false
7d98e4e9-5237-49a4-b051-86931025d587,"#N/A",false,false,"#N/A","#N/A","#N/A","#N/A",9d2008f6-90ec-4586-8ddd-926e12387d4a,"#N/A","#N/A","#N/A","#N/A",false,"#N/A",29bd2bca-54ee-4d01-ae00-99ad7a5fcc6c,"#N/A","#N/A",5.0,6f57843f-190c-4583-844e-60ea2b7c581c,true,2.0,"#N/A",false,false,"#N/A",false,Related Product,"#N/A",false
7dd7c7d7-f54a-4cf6-b618-1cf2f438ee99,"#N/A",false,false,"#N/A","#N/A","#N/A","#N/A",c2dd43e8-0727-45b1-8a66-71caef94eae4,"#N/A","#N/A","#N/A","#N/A",false,"#N/A",fa9cc34e-6ad3-4674-8718-2e9c84875841,"#N/A",2.0,110.0,26369526-3800-426b-b13e-1268f6c259b9,true,8.0,"#N/A",false,false,"#N/A",false,Related Product,"#N/A",false
83ae12c0-22c4-47cb-8c43-32ea2bff81fa,"#N/A",false,false,"#N/A","#N/A","#N/A","#N/A",ed940e96-1a76-4b23-9a57-efd78f193e26,"#N/A","#N/A","#N/A","#N/A",false,"#N/A",c1f1f371-98db-4b35-9933-a9adaf5723d2,"#N/A","#N/A",220.0,313ba320-3b50-4526-ba5e-0b06c58a1126,true,1.0,"#N/A",false,false,"#N/A",false,Related Product,"#N/A",false
84c5416d-8416-4afd-b9c7-fe7bac33efa2,"#N/A",false,false,"#N/A","#N/A","#N/A","#N/A",6a0c1ce1-370f-4983-a7d7-af0f248dd5ad,"#N/A","#N/A","#N/A","#N/A",false,"#N/A",322c13ca-9c2e-42df-a73b-b9eff9050f6f,"#N/A","#N/A",410.0,7ca13ac9-0847-4195-b919-db6981ee4d1d,false,1.0,Always,false,true,"#N/A",false,Related Product,"#N/A",false
861fdf98-dce6-4809-b848-e3115af0e693,"#N/A",false,false,"#N/A","#N/A","#N/A","#N/A",6a0c1ce1-370f-4983-a7d7-af0f248dd5ad,"#N/A","#N/A","#N/A","#N/A",false,"#N/A",8221fc37-2c78-476e-a128-57e6dcef0f57,"#N/A","#N/A",130.0,625f5111-c418-4a16-9bfd-42ab55fde7fe,true,1.0,Always,false,false,"#N/A",false,Component,"#N/A",false
88054f12-6b0f-4874-a4c4-2fb6139e0d19,"#N/A",false,false,"#N/A","#N/A","#N/A","#N/A",31bd61c2-b577-4e8a-ac5c-1533da8b38c5,"#N/A","#N/A","#N/A","#N/A",false,"#N/A",006eda4d-1f1c-45f2-b3a3-de423e5d0e4e,"#N/A","#N/A",340.0,4bf809ab-8d54-4e26-99ec-e58d523ee991,false,1.0,"#N/A",false,false,"#N/A",false,Component,"#N/A",false
8855a913-46a2-44d2-a668-b27a51b7b5b8,"#N/A",false,false,"#N/A","#N/A","#N/A","#N/A",9d2008f6-90ec-4586-8ddd-926e12387d4a,"#N/A","#N/A","#N/A","#N/A",false,"#N/A",29bd2bca-54ee-4d01-ae00-99ad7a5fcc6c,"#N/A","#N/A",3.0,aa1e0a6c-f3ff-477e-b8dd-99fe5729ec59,true,4.0,"#N/A",false,false,"#N/A",false,Related Product,"#N/A",false
8a56512e-3b5c-40df-8d8e-e97ba7a476af,Always,true,false,"#N/A","#N/A","#N/A","#N/A",6a0c1ce1-370f-4983-a7d7-af0f248dd5ad,"#N/A","#N/A","#N/A","#N/A",false,"#N/A",0ef46f6e-956c-49ef-97a5-3d696992bede,"#N/A","#N/A",830.0,f4e166f2-3b20-4b01-ad01-99a025a5013a,false,1.0,"#N/A",false,false,"#N/A",false,Component,"#N/A",false
8c2e7deb-252a-42fc-b0cf-e1780af0dff6,"#N/A",false,false,"#N/A","#N/A","#N/A","#N/A",1d86f92a-f7dc-4a3f-bab1-05bb841bc5ff,"#N/A","#N/A","#N/A","#N/A",false,"#N/A",9179798d-a875-4dad-a371-fdc6604de68a,1.0,0.0,320.0,577b5e0f-ac57-4b45-988f-6d0a1981931e,false,1.0,"#N/A",false,true,"#N/A",false,Component,"#N/A",false
934da148-cb90-4db3-8dec-ce166e35324c,"#N/A",false,false,"#N/A","#N/A","#N/A","#N/A",9d2008f6-90ec-4586-8ddd-926e12387d4a,"#N/A","#N/A","#N/A","#N/A",false,"#N/A",6fdbca64-7144-4ba4-9534-fcc198fd277c,"#N/A",2.0,20.0,f47e1b07-a794-472c-88b3-9ceeea18c4f5,true,2.0,"#N/A",true,false,"#N/A",false,Component,"#N/A",false
985092bd-5a11-474f-9abd-e93db0496317,"#N/A",false,false,"#N/A","#N/A","#N/A","#N/A",6a0c1ce1-370f-4983-a7d7-af0f248dd5ad,"#N/A","#N/A","#N/A","#N/A",false,"#N/A",322c13ca-9c2e-42df-a73b-b9eff9050f6f,"#N/A","#N/A",460.0,7d32d95c-30ec-45db-b0ec-9052479d5fcb,false,1.0,Always,false,true,"#N/A",false,Component,"#N/A",false
98cc35d9-306c-4400-9786-e47a38af8947,"#N/A",false,false,"#N/A","#N/A","#N/A","#N/A",ccbc10cf-6336-40c4-ba6d-919678fef125,"#N/A","#N/A","#N/A","#N/A",false,"#N/A",e32c5cb1-7981-4122-bcb1-d077af8fa0ba,"#N/A","#N/A",120.0,5658e359-4695-426b-8e69-8082906cddc1,true,350.0,"#N/A",true,true,"#N/A",false,Related Product,"#N/A",false
99b9ba6c-82bf-4fb6-90c8-8cfc594fcbc1,On Selection,true,false,"#N/A","#N/A","#N/A","#N/A",6a0c1ce1-370f-4983-a7d7-af0f248dd5ad,"#N/A","#N/A","#N/A","#N/A",false,"#N/A",f196ffa8-5c77-4ce5-9cdd-b4c71fb064c5,"#N/A","#N/A",350.0,ebe7bf7f-ebb6-4493-b74c-d8c95439bd91,true,1.0,Always,false,false,"#N/A",false,Component,"#N/A",false
9b18cb15-8668-454a-9a70-53a321f91263,"#N/A",false,false,"#N/A","#N/A","#N/A","#N/A",1d86f92a-f7dc-4a3f-bab1-05bb841bc5ff,"#N/A","#N/A","#N/A","#N/A",false,"#N/A",9393fd5c-06d8-45e8-aa1e-4e6efe9ef213,1.0,0.0,410.0,86e57599-b2bf-4949-a359-3c6d3415d1c0,false,1.0,"#N/A",false,false,"#N/A",false,Component,"#N/A",false
9c6e0c4b-002c-48b3-bcc9-979cfaa22b36,"#N/A",false,false,"#N/A","#N/A","#N/A","#N/A",e7197e3a-928b-4450-8a63-5d55aaed01bc,"#N/A","#N/A","#N/A","#N/A",false,"#N/A",7f18f239-317e-46b4-9919-b358083dbe2a,"#N/A","#N/A",240.0,8ea0a884-19aa-433e-969e-f4dcaa230d8c,true,1.0,"#N/A",false,false,"#N/A",false,Related Product,"#N/A",false
9ef13ccc-72f7-42b8-8c7c-aad68f1ce534,"#N/A",false,false,"#N/A","#N/A","#N/A","#N/A",31bd61c2-b577-4e8a-ac5c-1533da8b38c5,"#N/A","#N/A","#N/A","#N/A",false,"#N/A",006eda4d-1f1c-45f2-b3a3-de423e5d0e4e,"#N/A","#N/A",330.0,9933736e-33df-4a04-b3e1-8b46f1e65187,false,1.0,"#N/A",false,false,"#N/A",false,Component,"#N/A",false
a056b768-b19b-4503-add5-5ee05e693084,"#N/A",false,false,"#N/A","#N/A","#N/A","#N/A",ed940e96-1a76-4b23-9a57-efd78f193e26,"#N/A","#N/A","#N/A","#N/A",false,"#N/A",92b5547b-dfaf-4db1-adac-69eeb6dc0406,"#N/A","#N/A",10.0,f6e59778-267f-44a4-8c5f-3611d4306590,false,1.0,"#N/A",false,true,"#N/A",false,Related Product,"#N/A",false
a14093db-243a-4e7f-8f64-fdbe299f8e0f,"#N/A",false,false,"#N/A","#N/A","#N/A","#N/A",ccbc10cf-6336-40c4-ba6d-919678fef125,"#N/A","#N/A","#N/A","#N/A",false,"#N/A",0848f8ea-487b-4f35-9ef7-cf2c4dcf4c52,"#N/A","#N/A",410.0,b5bd5af3-8d58-4036-b6f2-1490a403e9db,false,1.0,"#N/A",false,false,"#N/A",false,Component,"#N/A",false
a223ea3b-678b-44ae-a180-bd4c87fa14a1,"#N/A",false,false,"#N/A","#N/A","#N/A","#N/A",6a0c1ce1-370f-4983-a7d7-af0f248dd5ad,"#N/A","#N/A","#N/A","#N/A",false,"#N/A",986646fe-baf5-44c0-b720-a6d639416f10,"#N/A","#N/A",520.0,0f9efac7-7931-4c8e-959d-e2dd82533c7a,true,1.0,Always,false,false,"#N/A",false,Component,"#N/A",false
a2b1c882-a114-4415-90b8-8bf2673aa2d0,"#N/A",false,false,"#N/A","#N/A","#N/A","#N/A",ed940e96-1a76-4b23-9a57-efd78f193e26,"#N/A","#N/A","#N/A","#N/A",false,"#N/A",96bf4436-e75e-4c20-95f5-cd65d81b0d53,"#N/A","#N/A",590.0,5cc15ea1-f052-4d84-8de4-34b7cb7c699f,false,1.0,"#N/A",false,false,"#N/A",false,Related Product,"#N/A",false
a2f6591f-c0db-4d9e-871c-aadf5c7cde1a,"#N/A",false,false,"#N/A","#N/A","#N/A","#N/A",ed940e96-1a76-4b23-9a57-efd78f193e26,"#N/A","#N/A","#N/A","#N/A",false,"#N/A",c1f1f371-98db-4b35-9933-a9adaf5723d2,"#N/A","#N/A",240.0,8ea0a884-19aa-433e-969e-f4dcaa230d8c,true,1.0,"#N/A",false,false,"#N/A",false,Related Product,"#N/A",false
a45181e9-2da3-4c68-96bf-4ccd800dc80d,"#N/A",false,false,"#N/A","#N/A","#N/A","#N/A",c2dd43e8-0727-45b1-8a66-71caef94eae4,"#N/A","#N/A","#N/A","#N/A",false,"#N/A",fa9cc34e-6ad3-4674-8718-2e9c84875841,"#N/A",2.0,120.0,d1ee8069-9a96-4380-93b1-ece2de0bed46,true,8.0,"#N/A",true,true,"#N/A",false,Related Product,"#N/A",false
a6c39905-042b-4a78-afe8-33b7d15f79f1,"#N/A",false,false,"#N/A","#N/A","#N/A","#N/A",ccbc10cf-6336-40c4-ba6d-919678fef125,"#N/A","#N/A","#N/A","#N/A",false,"#N/A",0848f8ea-487b-4f35-9ef7-cf2c4dcf4c52,"#N/A","#N/A",420.0,f342db9f-0f12-401f-8799-291d480ad2cf,true,25.0,"#N/A",false,true,"#N/A",false,Related Product,"#N/A",false
add441c9-6213-4a88-a14b-b91f1c385945,"#N/A",false,false,"#N/A","#N/A","#N/A","#N/A",1d86f92a-f7dc-4a3f-bab1-05bb841bc5ff,"#N/A","#N/A","#N/A","#N/A",false,"#N/A",9179798d-a875-4dad-a371-fdc6604de68a,1.0,0.0,340.0,be9fde92-8d08-477a-ac08-59c7681d7479,false,1.0,"#N/A",false,false,"#N/A",false,Component,"#N/A",false
ae42421d-4f7e-45a2-a7e3-440443a9b01a,"#N/A",false,false,"#N/A","#N/A","#N/A","#N/A",ccbc10cf-6336-40c4-ba6d-919678fef125,"#N/A","#N/A","#N/A","#N/A",false,"#N/A",c0c5227f-83f1-4933-b30d-543250c0cef8,"#N/A","#N/A",250.0,ff04bac3-0a00-4294-b4a1-0e4d757162d0,false,1.0,"#N/A",false,false,"#N/A",false,Component,"#N/A",false
b3fdbdc9-10be-4b61-878d-fffdd8a5064c,"#N/A",false,false,"#N/A","#N/A","#N/A","#N/A",e7197e3a-928b-4450-8a63-5d55aaed01bc,"#N/A","#N/A","#N/A","#N/A",false,"#N/A",466b5bc1-aa90-49c5-8803-9675f165bbb4,"#N/A","#N/A",620.0,9d2008f6-90ec-4586-8ddd-926e12387d4a,false,1.0,"#N/A",false,false,"#N/A",false,Related Product,"#N/A",false
b45a7b07-a8d3-4f04-9947-4d1ed7496007,"#N/A",false,false,"#N/A","#N/A","#N/A","#N/A",9d2008f6-90ec-4586-8ddd-926e12387d4a,"#N/A","#N/A","#N/A","#N/A",false,"#N/A",f2a54109-6b08-464b-a247-d966cfb30b16,"#N/A","#N/A",110.0,b910cf84-112e-4c30-8f21-5e91eb2520a7,true,4.0,"#N/A",false,false,"#N/A",false,Component,"#N/A",false
b4b0328a-c4ed-48b6-9123-8cb1ba50e745,"#N/A",false,false,"#N/A","#N/A","#N/A","#N/A",ccbc10cf-6336-40c4-ba6d-919678fef125,"#N/A","#N/A","#N/A","#N/A",false,"#N/A",0848f8ea-487b-4f35-9ef7-cf2c4dcf4c52,"#N/A","#N/A",430.0,c3264e93-e36c-47d0-a360-104787b69b91,false,1.0,"#N/A",false,false,"#N/A",false,Component,"#N/A",false
b577dab5-816a-4546-b18f-70e871fd31f7,"#N/A",false,false,"#N/A","#N/A","#N/A","#N/A",9d2008f6-90ec-4586-8ddd-926e12387d4a,"#N/A","#N/A","#N/A","#N/A",false,"#N/A",6fdbca64-7144-4ba4-9534-fcc198fd277c,"#N/A",1.0,10.0,97663e7e-9b19-4b94-85c9-2d51cc8f85a3,true,1.0,"#N/A",true,false,"#N/A",false,Component,"#N/A",false
b6437188-1883-411b-bc10-6f48662f9c3e,"#N/A",false,false,"#N/A","#N/A","#N/A","#N/A",ccbc10cf-6336-40c4-ba6d-919678fef125,"#N/A","#N/A","#N/A","#N/A",false,"#N/A",3aa347ec-8886-4e1f-8b63-c9b98f58a207,"#N/A","#N/A",310.0,b9d9f5bf-c7d7-4593-b54b-d992d99e9e40,true,1.0,"#N/A",false,true,"#N/A",false,Related Product,"#N/A",false
b95031d5-9ce7-42a3-83e2-521267fb810b,"#N/A",false,false,"#N/A","#N/A","#N/A","#N/A",ed940e96-1a76-4b23-9a57-efd78f193e26,"#N/A","#N/A","#N/A","#N/A",false,"#N/A",97ce1245-e801-4bf3-b127-b69b726d0a8c,"#N/A","#N/A",550.0,817d0f75-2d63-4f62-a6dd-440bd4540757,true,1.0,"#N/A",false,false,"#N/A",false,Related Product,"#N/A",false
ba4e1748-7992-4cbc-a2ad-ca39f1bebdfc,"#N/A",false,false,"#N/A","#N/A","#N/A","#N/A",1d86f92a-f7dc-4a3f-bab1-05bb841bc5ff,"#N/A","#N/A","#N/A","#N/A",false,"#N/A",19262f7d-8372-4818-93ad-c35c031b43cf,8.0,1.0,220.0,94245935-d5c1-4a0c-b5e5-2c4f5681bef4,true,1.0,"#N/A",false,true,"#N/A",false,Component,"#N/A",false
bad20879-64ea-40d3-8f52-c2e9868d631e,Always,true,false,"#N/A","#N/A","#N/A","#N/A",6a0c1ce1-370f-4983-a7d7-af0f248dd5ad,"#N/A","#N/A","#N/A","#N/A",false,"#N/A",144d0bac-5c84-47de-9c3c-8728c7661787,"#N/A","#N/A",210.0,4f239489-870e-4765-b4a9-168f2918b86d,true,1.0,Always,false,false,"#N/A",false,Component,"#N/A",false
bad472be-f8a7-4ea0-a2d4-b5e0287731a3,"#N/A",false,false,"#N/A","#N/A","#N/A","#N/A",e7197e3a-928b-4450-8a63-5d55aaed01bc,"#N/A","#N/A","#N/A","#N/A",false,"#N/A",2bc8a94f-d99b-4e72-b683-d530a70d731f,"#N/A","#N/A",500.0,09150d6f-52ac-4e7a-b3cd-9c565f6e1340,true,1.0,"#N/A",false,false,"#N/A",false,Related Product,"#N/A",false
bb7ce6be-8267-482d-b2f0-e66e2058a17c,"#N/A",false,false,"#N/A","#N/A","#N/A","#N/A",c2dd43e8-0727-45b1-8a66-71caef94eae4,"#N/A","#N/A","#N/A","#N/A",false,"#N/A",37029095-097b-4f63-88aa-787a611bdac4,"#N/A",8.0,310.0,2996dd56-7be3-48fe-8568-4e55774106f6,true,8.0,"#N/A",false,false,"#N/A",false,Related Product,"#N/A",false
be41ea86-280b-42d2-97f3-66cec637a6cb,Always,true,false,"#N/A","#N/A","#N/A","#N/A",6a0c1ce1-370f-4983-a7d7-af0f248dd5ad,"#N/A","#N/A","#N/A","#N/A",false,"#N/A",144d0bac-5c84-47de-9c3c-8728c7661787,"#N/A","#N/A",230.0,99bc3c56-72ec-4765-b545-1849669f52a8,true,1.0,Always,false,false,"#N/A",false,Component,"#N/A",false
bf3ad096-aae1-4483-9cbf-3d8badaa69c9,"#N/A",true,false,"#N/A","#N/A","#N/A","#N/A",e7197e3a-928b-4450-8a63-5d55aaed01bc,"#N/A","#N/A","#N/A","#N/A",false,"#N/A",d6bf2dac-760c-43ab-95e7-00d80c030dbb,"#N/A","#N/A",20.0,d3f35e96-779f-4248-9f3e-7b43740d8e29,false,1.0,"#N/A",false,false,"#N/A",false,Related Product,"#N/A",false
c0028cae-a44c-4ccd-ad5c-71c67074de84,"#N/A",false,false,"#N/A","#N/A","#N/A","#N/A",1d86f92a-f7dc-4a3f-bab1-05bb841bc5ff,"#N/A","#N/A","#N/A","#N/A",false,"#N/A",7e7b19b1-261e-4167-a8cf-0951a0d9467e,1.0,1.0,120.0,0a794748-7e51-4c0d-a6df-fef8279d7bb6,false,1.0,"#N/A",false,false,"#N/A",false,Component,"#N/A",false
c0167efa-3245-40da-b503-2210bdc65692,"#N/A",false,false,"#N/A","#N/A","#N/A","#N/A",ccbc10cf-6336-40c4-ba6d-919678fef125,"#N/A","#N/A","#N/A","#N/A",false,"#N/A",c0c5227f-83f1-4933-b30d-543250c0cef8,5.0,"#N/A",230.0,0ebe6708-0b9f-44d9-9db5-684ecdb75291,false,1.0,"#N/A",false,false,"#N/A",false,Accessory,"#N/A",false
c047e9b1-1d65-4718-9bd5-f18327bc1e21,"#N/A",false,false,"#N/A","#N/A","#N/A","#N/A",ed940e96-1a76-4b23-9a57-efd78f193e26,"#N/A","#N/A","#N/A","#N/A",false,"#N/A",189a64a3-f27f-44b8-8b20-46e1369efa19,"#N/A","#N/A",720.0,d59881fe-8fc2-4918-8c5b-3654c6d4dcbd,false,1.0,"#N/A",false,false,"#N/A",false,Related Product,"#N/A",false
c19dfe69-4f73-4513-8f48-1c14b0fa02d9,"#N/A",false,false,"#N/A","#N/A","#N/A","#N/A",6a0c1ce1-370f-4983-a7d7-af0f248dd5ad,"#N/A","#N/A","#N/A","#N/A",false,"#N/A",986646fe-baf5-44c0-b720-a6d639416f10,"#N/A","#N/A",510.0,de4428ad-11ad-4d02-b5b7-65529e3ed69b,true,1.0,Always,false,true,"#N/A",false,Component,"#N/A",false
c3ed58c9-280e-4a73-a7b7-18f592d24d78,"#N/A",false,false,"#N/A","#N/A","#N/A","#N/A",ccbc10cf-6336-40c4-ba6d-919678fef125,"#N/A","#N/A","#N/A","#N/A",false,"#N/A",c0c5227f-83f1-4933-b30d-543250c0cef8,5.0,"#N/A",220.0,65ef3cc2-9e4d-4178-a281-45dcaafe46ff,true,1.0,"#N/A",false,true,"#N/A",false,Accessory,"#N/A",false
c5b04c65-25bd-4bcf-b971-dbb006e6e2d1,"#N/A",false,false,"#N/A","#N/A","#N/A","#N/A",6a0c1ce1-370f-4983-a7d7-af0f248dd5ad,"#N/A","#N/A","#N/A","#N/A",false,"#N/A",21ceaeda-dbc4-4c22-8a5b-3f558f16b5b1,"#N/A","#N/A",1110.0,49062032-e704-4906-9a06-35f1a9a41c6c,true,1.0,Always,false,false,"#N/A",false,Component,"#N/A",false
c927cc03-e47f-43a5-b8c7-e1676b0e58d3,"#N/A",false,false,"#N/A","#N/A","#N/A","#N/A",ccbc10cf-6336-40c4-ba6d-919678fef125,"#N/A","#N/A","#N/A","#N/A",false,"#N/A",3aa347ec-8886-4e1f-8b63-c9b98f58a207,"#N/A","#N/A",320.0,1b782273-fb4a-4055-8227-5543f3d14653,false,1.0,"#N/A",false,false,"#N/A",false,Component,"#N/A",false
c99ceb7f-4fff-4cde-8bf0-e227b3b78408,"#N/A",false,false,"#N/A","#N/A","#N/A","#N/A",e7197e3a-928b-4450-8a63-5d55aaed01bc,"#N/A","#N/A","#N/A","#N/A",false,"#N/A",2bc8a94f-d99b-4e72-b683-d530a70d731f,"#N/A","#N/A",560.0,037b04ae-6bf7-40ee-b4e2-b377aaf4cdae,true,1.0,"#N/A",false,false,"#N/A",false,Related Product,"#N/A",false
cb2d9b84-647d-4003-9667-13019e0f3b83,"#N/A",false,false,"#N/A","#N/A","#N/A","#N/A",6a0c1ce1-370f-4983-a7d7-af0f248dd5ad,"#N/A","#N/A","#N/A","#N/A",false,"#N/A",fc1c9c4e-9654-4e46-9b60-bf45c644ec25,"#N/A","#N/A",610.0,5cc4046d-30b6-4320-a6a1-2e86ee77519e,true,1.0,Always,false,false,"#N/A",false,Component,"#N/A",false
cc11fc4a-c86c-451c-b51f-d22a8eea9883,"#N/A",true,false,"#N/A","#N/A","#N/A","#N/A",ed940e96-1a76-4b23-9a57-efd78f193e26,"#N/A","#N/A","#N/A","#N/A",false,"#N/A",92b5547b-dfaf-4db1-adac-69eeb6dc0406,"#N/A","#N/A",20.0,d3f35e96-779f-4248-9f3e-7b43740d8e29,false,1.0,"#N/A",false,false,"#N/A",false,Related Product,"#N/A",false
d1036ed1-fa41-4b30-851a-d5e688cb3cdc,"#N/A",false,false,"#N/A","#N/A","#N/A","#N/A",1d86f92a-f7dc-4a3f-bab1-05bb841bc5ff,"#N/A","#N/A","#N/A","#N/A",false,"#N/A",7e7b19b1-261e-4167-a8cf-0951a0d9467e,1.0,1.0,110.0,1a0dc451-e9b5-4c0f-b88c-89abd2e4e340,false,1.0,"#N/A",false,true,"#N/A",false,Component,"#N/A",false
d2047ff2-39e8-4c15-ac52-f08b75388334,"#N/A",false,false,"#N/A","#N/A","#N/A","#N/A",e7197e3a-928b-4450-8a63-5d55aaed01bc,"#N/A","#N/A","#N/A","#N/A",false,"#N/A",d6bf2dac-760c-43ab-95e7-00d80c030dbb,"#N/A","#N/A",30.0,11ca7378-2abe-43ce-91f6-219517693f92,false,1.0,"#N/A",false,false,"#N/A",false,Related Product,"#N/A",false
d40201e5-1d15-438f-b0b0-811930f9c837,"#N/A",false,false,"#N/A","#N/A","#N/A","#N/A",65ef3cc2-9e4d-4178-a281-45dcaafe46ff,"#N/A","#N/A","#N/A","#N/A",false,"#N/A","#N/A","#N/A","#N/A",100.0,7b9b2a53-84bb-4633-9b1f-8af7618b5903,false,1.0,"#N/A",true,true,"#N/A",false,Accessory,"#N/A",false
d5877140-a7b6-4b12-8fa4-ae97c19aa78e,"#N/A",false,false,"#N/A","#N/A","#N/A","#N/A",e7197e3a-928b-4450-8a63-5d55aaed01bc,"#N/A","#N/A","#N/A","#N/A",false,"#N/A",d6bf2dac-760c-43ab-95e7-00d80c030dbb,"#N/A","#N/A",50.0,07876662-9f29-460d-aafd-0d1569c855a3,false,1.0,"#N/A",false,true,"#N/A",false,Related Product,"#N/A",false
d8719653-c392-46e7-8da6-a8c879fdbffc,"#N/A",false,false,"#N/A","#N/A","#N/A","#N/A",9d2008f6-90ec-4586-8ddd-926e12387d4a,"#N/A","#N/A","#N/A","#N/A",false,"#N/A",29bd2bca-54ee-4d01-ae00-99ad7a5fcc6c,"#N/A","#N/A",2.0,137b6409-9a0d-4631-8f34-679074507c06,true,8.0,"#N/A",false,false,"#N/A",false,Related Product,"#N/A",false
d9179877-6a05-46ee-ab16-5e1121e2d715,"#N/A",false,false,"#N/A","#N/A","#N/A","#N/A",6a0c1ce1-370f-4983-a7d7-af0f248dd5ad,"#N/A","#N/A","#N/A","#N/A",false,"#N/A",322c13ca-9c2e-42df-a73b-b9eff9050f6f,"#N/A","#N/A",420.0,0fc92574-d033-48c0-b8af-ec44cc34edc6,false,1.0,Always,false,false,"#N/A",false,Component,"#N/A",false
dd0c8315-8aff-4bda-8a89-402227c7db92,"#N/A",false,false,"#N/A","#N/A","#N/A","#N/A",ccbc10cf-6336-40c4-ba6d-919678fef125,"#N/A","#N/A","#N/A","#N/A",false,"#N/A",0848f8ea-487b-4f35-9ef7-cf2c4dcf4c52,"#N/A","#N/A",440.0,c2dd43e8-0727-45b1-8a66-71caef94eae4,false,1.0,"#N/A",false,false,"#N/A",false,Component,"#N/A",false
e02b0515-5543-4035-8ec5-edeb79a88eea,"#N/A",false,false,"#N/A","#N/A","#N/A","#N/A",e7197e3a-928b-4450-8a63-5d55aaed01bc,"#N/A","#N/A","#N/A","#N/A",false,"#N/A",7f18f239-317e-46b4-9919-b358083dbe2a,"#N/A","#N/A",220.0,313ba320-3b50-4526-ba5e-0b06c58a1126,true,1.0,"#N/A",false,false,"#N/A",false,Related Product,"#N/A",false
e0a3df91-e6ba-4a0d-819e-55a25f271cee,"#N/A",false,false,"#N/A","#N/A","#N/A","#N/A",ed940e96-1a76-4b23-9a57-efd78f193e26,"#N/A","#N/A","#N/A","#N/A",false,"#N/A",189a64a3-f27f-44b8-8b20-46e1369efa19,"#N/A","#N/A",700.0,86fc5d8c-e959-468a-8f6f-8da98bebdfb5,false,1.0,"#N/A",false,true,"#N/A",false,Related Product,"#N/A",false
e1465bf8-d243-4118-840d-9ed87a17f3b9,"#N/A",false,false,"#N/A","#N/A","#N/A","#N/A",e7197e3a-928b-4450-8a63-5d55aaed01bc,"#N/A","#N/A","#N/A","#N/A",false,"#N/A",44fed49f-c0bf-4db9-8a39-152447ca3ddf,"#N/A","#N/A",700.0,86fc5d8c-e959-468a-8f6f-8da98bebdfb5,false,1.0,"#N/A",false,true,"#N/A",false,Related Product,"#N/A",false
e671a375-eb1f-4072-9ac8-1fbe16b81d20,"#N/A",false,false,"#N/A","#N/A","#N/A","#N/A",e7197e3a-928b-4450-8a63-5d55aaed01bc,"#N/A","#N/A","#N/A","#N/A",false,"#N/A",2bc8a94f-d99b-4e72-b683-d530a70d731f,"#N/A","#N/A",530.0,9c28df09-deeb-4cf5-96b0-a724febb284e,true,1.0,"#N/A",false,false,"#N/A",false,Related Product,"#N/A",false
e964fbfd-6895-4e7c-ab21-090584e5e5f5,"#N/A",false,false,"#N/A","#N/A","#N/A","#N/A",c2dd43e8-0727-45b1-8a66-71caef94eae4,"#N/A","#N/A","#N/A","#N/A",false,"#N/A",37029095-097b-4f63-88aa-787a611bdac4,"#N/A",2.0,320.0,0153613d-fb00-46be-a594-6ffbc169f998,true,8.0,"#N/A",false,false,"#N/A",false,Related Product,"#N/A",false
ea059f41-40ff-4bc9-9888-595ce8817fac,"#N/A",false,false,"#N/A","#N/A","#N/A","#N/A",ed940e96-1a76-4b23-9a57-efd78f193e26,"#N/A","#N/A","#N/A","#N/A",false,"#N/A",6d6ef758-863d-433d-8ae8-9632ffa655e2,"#N/A","#N/A",600.0,684977cf-6a98-40d5-b598-c7d751a4ad15,false,1.0,"#N/A",false,true,"#N/A",false,Related Product,"#N/A",false
ed12d3d9-7a88-4350-b436-51c6881fa206,"#N/A",false,false,"#N/A","#N/A","#N/A","#N/A",ccbc10cf-6336-40c4-ba6d-919678fef125,"#N/A","#N/A","#N/A","#N/A",false,"#N/A",e32c5cb1-7981-4122-bcb1-d077af8fa0ba,"#N/A","#N/A",110.0,5d1e7e82-762c-4e8c-b42b-55f359cfa194,true,1.0,"#N/A",false,true,"#N/A",false,Related Product,"#N/A",false
f1186eb2-0c8c-4bdd-8731-f88738242fed,"#N/A",false,false,"#N/A","#N/A","#N/A","#N/A",ed940e96-1a76-4b23-9a57-efd78f193e26,"#N/A","#N/A","#N/A","#N/A",false,"#N/A",6d6ef758-863d-433d-8ae8-9632ffa655e2,"#N/A",10.0,610.0,08941121-fd0f-486f-8166-c3dc98ba11b5,true,10.0,"#N/A",false,false,"#N/A",false,Related Product,"#N/A",false
f70973ac-1a84-4836-8e6c-6a7eafae001b,"#N/A",false,false,"#N/A","#N/A","#N/A","#N/A",ed940e96-1a76-4b23-9a57-efd78f193e26,"#N/A","#N/A","#N/A","#N/A",false,"#N/A",b59d01bf-3ea7-4e3d-94a5-c49a2797e532,"#N/A","#N/A",300.0,31bd61c2-b577-4e8a-ac5c-1533da8b38c5,false,1.0,"#N/A",false,false,"#N/A",false,Related Product,"#N/A",false
fa559d22-e8e3-46e2-ba82-f13e4963ef1b,"#N/A",false,false,"#N/A","#N/A","#N/A","#N/A",e7197e3a-928b-4450-8a63-5d55aaed01bc,"#N/A","#N/A","#N/A","#N/A",false,"#N/A",44fed49f-c0bf-4db9-8a39-152447ca3ddf,"#N/A","#N/A",710.0,a3ea0022-6cb1-4035-a949-1afa26d30cdd,false,1.0,"#N/A",false,false,"#N/A",false,Related Product,"#N/A",false
fae5dbec-d00c-4220-aa81-a8463d72e7f1,"#N/A",false,false,"#N/A","#N/A","#N/A","#N/A",ccbc10cf-6336-40c4-ba6d-919678fef125,"#N/A","#N/A","#N/A","#N/A",false,"#N/A",3aa347ec-8886-4e1f-8b63-c9b98f58a207,"#N/A","#N/A",330.0,f0665029-ea40-4659-9685-afc8ad1d0c66,false,1.0,"#N/A",false,false,"#N/A",false,Component,"#N/A",false
